/*TRUNCATE TABLE employee;

TRUNCATE TABLE passport;

TRUNCATE TABLE position;

TRUNCATE TABLE education;

insert into employee (id, name, surname, position , passport) values (1, 'Pete', 'Hamor', 1, 1);
insert into employee (id, name, surname, position , passport) values (2, 'Ursala', 'Salerg', 4, 2);
insert into employee (id, name, surname, position , passport) values (3, 'Bertie', 'Cusick', 3, 3);
insert into employee (id, name, surname, position , passport) values (4, 'Joelle', 'Hewkin', 2, 4);
insert into employee (id, name, surname, position , passport) values (5, 'Sharon', 'Toye', 4, 5);

INSERT INTO passport (id, passport_id, issued_by) VALUES(1,'577-44-6503','Vodafone');
INSERT INTO passport (id, passport_id, issued_by) VALUES(2,'224-38-4700','Demaco');
INSERT INTO passport (id, passport_id, issued_by) VALUES(3,'148-81-6252','Coca-Cola Company');
INSERT INTO passport (id, passport_id, issued_by) VALUES(4,'113-37-1303','Danone');
INSERT INTO passport (id, passport_id, issued_by) VALUES(5,'230-08-1458','Carrefour');

INSERT INTO position (id, name) VALUES(1,'Lecturer');
INSERT INTO position (id, name) VALUES(2,'Inspector');
INSERT INTO position (id, name) VALUES(3,'Retail Trainee');
INSERT INTO position (id, name) VALUES(4,'Main Dentist');
INSERT INTO position (id, name) VALUES(5,'Budget Analyst');

INSERT INTO education(id, name) VALUES(1,'HdZbbKDKNZf0m450dVdZ6FRPpLT90hgDklIVF5nT');
INSERT INTO education(id, name) VALUES(2,'gezWjrRKWOmL4pyCMJwQ1DTp3bPAwkuisJ2cP4p8');
INSERT INTO education(id, name) VALUES(3,'3Inl4VJ4xFJ5IWbcKJcIbRYveEcuwWwRexXsarui');
INSERT INTO education(id, name) VALUES(4,'SUNqbyZVsZRFbhhmu1H02ZHbT1bV9sCcZ40GErUp');
INSERT INTO education(id, name) VALUES(5,'oHBXEq06Qu8jk3q2MvWjXEW9XzqhraiCgcMuXuWn');

INSERT INTO employee_education (employee_id, education_id) VALUES(2,5);
INSERT INTO employee_education (employee_id, education_id) VALUES(1,4);
INSERT INTO employee_education (employee_id, education_id) VALUES(2,2);
INSERT INTO employee_education (employee_id, education_id) VALUES(3,4);
INSERT INTO employee_education (employee_id, education_id) VALUES(3,1);
*/

